"백엔드/서버개발, DBA, SaaS, SQL, 소프트웨어개발 등록일 24/08/14"
"백엔드/서버개발, Java, AWS, Spring, 솔루션 외                    등록일 24/08/02"
"백엔드/서버개발, Java, 웹개발, 프론트엔드, AWS 외                    등록일 24/07/22"
"백엔드/서버개발, Java, 웹개발, 프론트엔드, Spring 외                    등록일 24/08/09"
"백엔드/서버개발, Java, 웹개발, 프론트엔드, AWS 외                    등록일 24/07/22"
"백엔드/서버개발, Java, 웹개발, AWS, Spring 외                    등록일 24/08/09"
"백엔드/서버개발, Java, 프론트엔드, 솔루션, 데이터분석가 외                    등록일 24/08/12"
"백엔드/서버개발, Java, 웹개발, 유지보수, 솔루션 외                    등록일 24/08/14"
"백엔드/서버개발, Java, 웹개발, Spring, SI개발 외                    등록일 24/08/05"
"백엔드/서버개발, Java, 웹개발, 프론트엔드, AWS 외                    수정일 24/08/15"
"백엔드/서버개발, Java, 웹개발, Spring, JSP 외                    등록일 24/08/14"
"백엔드/서버개발, Java, 웹개발, 프론트엔드, AWS 외                    수정일 24/08/01"
"백엔드/서버개발, AWS, 유지보수, 솔루션, API 외                    등록일 24/08/12"
"백엔드/서버개발, 웹개발, 프론트엔드, AWS, Javascript 외                    등록일 24/08/05"
"백엔드/서버개발, Java, 솔루션, 정보보안, Windows 외                    등록일 24/08/08"
"백엔드/서버개발, Java, 프론트엔드, AWS, Spring 외                    수정일 24/07/24"
"백엔드/서버개발, Java, 웹개발, Javascript, MySQL 외                    등록일 24/08/07"
"백엔드/서버개발, 웹개발, SI개발, 소프트웨어개발 수정일 24/08/01"
"백엔드/서버개발, Java, 웹개발, AWS, Spring 외                    등록일 24/08/02"
"백엔드/서버개발, Java, 웹개발, AWS, Spring 외                    등록일 24/08/06"
"백엔드/서버개발, 시설관리 수정일 24/08/14"
"백엔드/서버개발, Java, 웹개발, Spring, MySQL 외                    등록일 24/08/02"
"백엔드/서버개발, Java, Spring, MySQL, 솔루션 외                    등록일 24/08/14"
"Java, 프론트엔드, Javascript, MySQL, jQuery 외                    등록일 24/08/12"
"백엔드/서버개발, Java, 프론트엔드, AWS, Javascript 외                    수정일 24/08/13"
"백엔드/서버개발, Java, 웹개발, 프론트엔드, Spring 외                    등록일 24/08/14"
"백엔드/서버개발, Java, 웹개발, 프론트엔드, AWS 외                    등록일 24/07/30"
"백엔드/서버개발, Java, Spring, MySQL, 솔루션 외                    등록일 24/08/12"
"백엔드/서버개발, Java, Spring, MySQL, 솔루션 외                    등록일 24/08/12"
"백엔드/서버개발, AWS, 게임개발, 앱개발, AR(증강현실) 외                    등록일 24/08/01"
"백엔드/서버개발, Java, 웹개발, Spring, 솔루션 외                    등록일 24/08/14"
"백엔드/서버개발, Java, 웹개발, Spring, Javascript 외                    수정일 24/08/12"
"백엔드/서버개발, 웹개발, Javascript, 유지보수, 솔루션 외                    수정일 24/08/05"
"백엔드/서버개발, Java, 웹개발, AWS, Spring 외                    수정일 24/08/05"
"백엔드/서버개발, Java, 웹개발, AWS, Spring 외                    등록일 24/07/24"
"백엔드/서버개발, AWS, MySQL, API, Docker 외                    등록일 24/08/02"
"백엔드/서버개발, Java, 웹개발, Javascript, 유지보수 외                    등록일 24/08/13"
"백엔드/서버개발, Java, AWS, Spring, API 외                    수정일 24/08/01"
"백엔드/서버개발, Azure, Docker, Linux, SI·시스템통합 외                    수정일 24/08/14"
"백엔드/서버개발, Java, 웹개발, 프론트엔드, AWS 외                    수정일 24/08/09"
"백엔드/서버개발, Java, 웹개발, SQL, SI·시스템통합 외                    등록일 24/07/24"
"백엔드/서버개발, Java, Spring, 미들웨어, jQuery 외                    수정일 24/08/07"
"백엔드/서버개발, 웹개발, 프론트엔드, AWS, Javascript 외                    수정일 24/08/14"
"백엔드/서버개발, Java, 웹개발, AWS, Spring 외                    등록일 24/08/13"
"백엔드/서버개발, 웹개발, 유지보수, 솔루션, DBMS 외                    수정일 24/07/09"
"백엔드/서버개발, Java, 웹개발, 프론트엔드, Spring 외                    등록일 24/08/13"
"백엔드/서버개발, 웹개발, 프론트엔드, 유지보수, MySQL 외                    수정일 24/07/30"
"백엔드/서버개발, Java, 웹개발, 프론트엔드, Spring 외                    등록일 24/08/09"
"백엔드/서버개발, Java, 웹개발, AWS, Spring 외                    수정일 24/08/07"
"백엔드/서버개발, Java, 프론트엔드, Javascript, 유지보수 외                    등록일 24/08/05"
"백엔드/서버개발, 웹개발, 프론트엔드, Javascript, 퍼블리셔 외                    수정일 24/08/12"
"백엔드/서버개발, Java, 프론트엔드, Spring, API 외                    수정일 24/07/25"
"백엔드/서버개발, AWS, 솔루션, API, 네트워크 외                    수정일 24/08/06"
"백엔드/서버개발, 웹개발, 프론트엔드, AWS, Spring 외                    등록일 24/08/14"
"백엔드/서버개발, 웹개발, AWS, Javascript, MySQL 외                    수정일 24/08/01"
"백엔드/서버개발, 웹개발, AWS, Javascript, MySQL 외                    등록일 24/08/08"
"백엔드/서버개발, Java, 웹개발, 프론트엔드, AWS 외                    수정일 24/08/12"
"백엔드/서버개발, Java, 웹개발, 프론트엔드, Javascript 외                    수정일 24/08/13"
"백엔드/서버개발, 웹개발, MySQL, API, 앱개발 외                    등록일 24/08/14"
"백엔드/서버개발, Java, Spring, MySQL, 솔루션 외                    등록일 24/08/05"
"백엔드/서버개발, 웹개발, 프론트엔드, 솔루션, 데이터분석가 외                    수정일 24/08/13"
"백엔드/서버개발, AWS, 유지보수, API, 머신러닝 외                    수정일 24/08/14"
"백엔드/서버개발, Java, 웹개발, 프론트엔드, Javascript 외                    수정일 24/08/12"
"백엔드/서버개발, 웹개발, AWS, 유지보수, MySQL 외                    등록일 24/07/30"
"백엔드/서버개발, Java, AWS, Spring, 유지보수 외                    등록일 24/08/01"
"백엔드/서버개발, Java, 웹개발, 프론트엔드, AWS 외                    등록일 24/08/05"
"백엔드/서버개발, Java, Spring, MySQL, API 외                    등록일 24/08/01"
"백엔드/서버개발, Java, AWS, Spring, MySQL 외                    수정일 24/08/12"
"백엔드/서버개발, Java, 웹개발, 프론트엔드, AWS 외                    등록일 24/08/08"
"백엔드/서버개발, Java, AWS, Spring, MySQL 외                    수정일 24/08/12"
"백엔드/서버개발, Java, 프론트엔드, Javascript, 퍼블리셔 외                    등록일 24/08/01"
"백엔드/서버개발, 웹개발, AWS, MySQL, API 외                    수정일 24/08/08"
"백엔드/서버개발, 웹개발, 프론트엔드, AWS, Javascript 외                    등록일 24/08/13"
"백엔드/서버개발, 프론트엔드, AWS, 유지보수, API 외                    수정일 24/07/24"
"백엔드/서버개발, 웹개발, 프론트엔드, 솔루션, GraphQL 외                    등록일 24/07/30"
"백엔드/서버개발, 프론트엔드, AWS, 유지보수, 컴퓨터비전 외                    등록일 24/07/16"
"Java, 웹개발, AWS, Javascript, MySQL 외                    등록일 24/08/08"
"백엔드/서버개발, Java, Spring, MySQL, API 외                    등록일 24/08/12"
"백엔드/서버개발, Java, AWS, IoT, Flask 외                    등록일 24/08/09"
"백엔드/서버개발, Java, 웹개발, 프론트엔드, Spring 외                    수정일 24/08/13"
"백엔드/서버개발, Java, Spring, 유지보수, API 외                    수정일 24/08/06"
"백엔드/서버개발, API, 플러그인, AR(증강현실), VR(가상현실) 외                    수정일 24/08/06"
"백엔드/서버개발, Java, 유지보수, DW, Linux 외                    등록일 24/08/07"
"백엔드/서버개발, Java, 웹개발, AWS, Spring 외                    등록일 24/06/25"
"백엔드/서버개발, Java, 웹개발, AWS, Spring 외                    등록일 24/08/09"
"백엔드/서버개발, Java, 웹개발, 프론트엔드, AWS 외                    수정일 24/08/09"
"백엔드/서버개발, Java, 웹개발, 프론트엔드, Spring 외                    수정일 24/06/27"
"백엔드/서버개발, 웹개발, Javascript, 유지보수, MySQL 외                    수정일 24/07/19"
"백엔드/서버개발, 웹개발, Javascript, 유지보수, MySQL 외                    등록일 24/07/19"
"백엔드/서버개발, 웹개발, 프론트엔드, Javascript, 유지보수 외                    수정일 24/07/29"
"백엔드/서버개발, 웹개발, AWS, 유지보수, 솔루션 외                    등록일 24/07/29"
"백엔드/서버개발, 웹개발, MySQL, 솔루션, API 외                    등록일 24/08/01"
"백엔드/서버개발, AWS, 네트워크, IoT, S/W 외                    수정일 24/08/12"
"백엔드/서버개발, 웹개발, 프론트엔드, Javascript, 유지보수 외                    등록일 24/08/13"
"백엔드/서버개발, Java, 웹개발, AWS, Javascript 외                    등록일 24/07/19"
"백엔드/서버개발, 웹개발, 프론트엔드, Javascript, API 외                    등록일 24/07/31"
"백엔드/서버개발, Java, Spring, RDBMS, Kafka 외                    등록일 24/08/13"
"백엔드/서버개발, Java, 웹개발, 프론트엔드, Spring 외                    등록일 24/07/17"
"백엔드/서버개발, Java, 웹개발, AWS, Spring 외                    등록일 24/07/25"
"백엔드/서버개발, Java, 솔루션, API, 클라우드 외                    수정일 24/07/31"
"백엔드/서버개발, Java, 웹개발, AWS, Spring 외                    수정일 24/08/13"
"백엔드/서버개발, Java, 웹개발, 프론트엔드, Spring 외                    등록일 24/08/08"
"백엔드/서버개발, Java, 웹개발, 프론트엔드, AWS 외                    등록일 24/08/09"
"백엔드/서버개발, Java, Spring, MySQL, 솔루션 외                    등록일 24/08/12"
"백엔드/서버개발, API, .NET, 케이블방송, 종합유선방송 외                    수정일 24/08/13"
"백엔드/서버개발, Java, 웹개발, AWS, 유지보수 외                    수정일 24/08/14"
"백엔드/서버개발, Java, 웹개발, Spring, DBA 외                    등록일 24/08/14"
"백엔드/서버개발, AWS, MySQL, .NET, ASP.NET 외                    등록일 24/08/01"
"백엔드/서버개발, Java, 웹개발, Spring, 유지보수 외                    수정일 24/07/25"
"백엔드/서버개발, Java, 웹개발, 프론트엔드, Spring 외                    등록일 24/07/19"
"백엔드/서버개발, Java, 웹개발, 프론트엔드, Spring 외                    등록일 24/07/19"
"백엔드/서버개발, Java, 웹개발, 프론트엔드, Spring 외                    등록일 24/07/19"
"백엔드/서버개발, Java, 웹개발, AWS, Spring 외                    등록일 24/08/06"
"백엔드/서버개발, Java, 웹개발, 유지보수, 솔루션 외                    등록일 24/08/07"
"백엔드/서버개발, Java, 웹개발, 프론트엔드, Spring 외                    등록일 24/08/12"
"백엔드/서버개발, Java, AWS, Spring, Javascript 외                    수정일 24/08/13"
"백엔드/서버개발, Java, AWS, Spring, API 외                    수정일 24/08/07"
"백엔드/서버개발, Java, Spring, 유지보수, MySQL 외                    수정일 24/07/25"
"백엔드/서버개발, Java, 웹개발, 프론트엔드, AWS 외                    등록일 24/08/07"
"백엔드/서버개발, Java, 웹개발, 프론트엔드, 유지보수 외                    수정일 24/08/09"
"백엔드/서버개발, Java, 웹개발, AWS, Spring 외                    등록일 24/08/14"
"백엔드/서버개발, Java, AWS, 솔루션, IoT 외                    수정일 24/07/24"
"백엔드/서버개발, 웹개발, 프론트엔드, Javascript, 유지보수 외                    등록일 24/07/22"
"백엔드/서버개발, 웹개발, 프론트엔드, AWS, Javascript 외                    등록일 24/07/30"
"백엔드/서버개발, 웹개발, 유지보수, 기술지원, Node.js 외                    등록일 24/08/06"
"백엔드/서버개발, 웹개발, 프론트엔드, 솔루션, API 외                    등록일 24/08/06"
"백엔드/서버개발, Javascript, API, 딥러닝, 머신러닝 외                    수정일 24/08/05"
"백엔드/서버개발, Javascript, 네트워크, Git, Kotlin 외                    등록일 24/08/12"
"백엔드/서버개발, Java, AWS, Spring, API 외                    수정일 24/07/18"
"백엔드/서버개발, Java, 웹개발, 프론트엔드, AWS 외                    등록일 24/07/29"
"백엔드/서버개발, Java, AWS, MySQL, 솔루션 외                    등록일 24/08/09"
"백엔드/서버개발, Java, 웹개발, 프론트엔드, Spring 외                    등록일 24/08/13"
"백엔드/서버개발, 웹개발, 프론트엔드, AWS, Javascript 외                    등록일 24/08/13"
"백엔드/서버개발, 웹개발, 프론트엔드, AWS, Javascript 외                    등록일 24/07/09"
"백엔드/서버개발, API, QA/테스터, Nginx, CentOS 외                    수정일 24/08/12"
"백엔드/서버개발, MySQL, API, RDBMS, Azure 외                    수정일 24/08/05"
"백엔드/서버개발, 웹개발, AWS, 유지보수, 웹마스터 외                    수정일 24/08/08"
"백엔드/서버개발, Java, Spring, Javascript, MySQL 외                    수정일 24/07/18"
"백엔드/서버개발, 웹개발, 프론트엔드, Javascript, 웹마스터 외                    수정일 24/08/14"
"백엔드/서버개발, Java, 웹개발, 프론트엔드, AWS 외                    등록일 24/07/31"
"백엔드/서버개발, MySQL, API, 머신러닝, 클라우드 외                    수정일 24/07/16"
"백엔드/서버개발, AWS, API, AI(인공지능), 알고리즘개발 외                    등록일 24/07/23"
"백엔드/서버개발, Java, 웹개발, AWS, 앱개발 외                    등록일 24/08/13"
"백엔드/서버개발, Java, 웹개발, 프론트엔드, AWS 외                    등록일 24/08/13"
"백엔드/서버개발, Java, 웹개발, 프론트엔드, Javascript 외                    등록일 24/07/26"
"백엔드/서버개발, Java, 웹개발, Spring, Javascript 외                    수정일 24/08/13"
"백엔드/서버개발, 웹개발, 프론트엔드, AWS, 유지보수 외                    등록일 24/08/12"
"백엔드/서버개발, 웹개발, AWS, API, 인프라 외                    등록일 24/08/09"
"백엔드/서버개발, Java, Spring, API, 네트워크 외                    등록일 24/08/12"
"백엔드/서버개발, Java, 웹개발, Spring, 유지보수 외                    수정일 24/08/14"
"백엔드/서버개발, Java, AWS, Spring, Javascript 외                    수정일 24/07/17"
"백엔드/서버개발, Java, Spring, Javascript, 유지보수 외                    등록일 24/07/24"
"백엔드/서버개발, 웹개발, API, AI(인공지능), 검색엔진 외                    등록일 24/07/26"
"백엔드/서버개발, Java, AWS, Spring, 유지보수 외                    등록일 24/08/12"
"백엔드/서버개발, 웹개발, 프론트엔드, Javascript, API 외                    등록일 24/08/12"
"백엔드/서버개발, Java, 웹개발, 프론트엔드, AWS 외                    수정일 24/07/25"
"백엔드/서버개발, 프론트엔드, AWS, Javascript, CSS 외                    등록일 24/06/27"
"백엔드/서버개발, AWS, Spring, Javascript, 유지보수 외                    등록일 24/07/09"
"백엔드/서버개발, Java, 웹개발, AWS, Spring 외                    등록일 24/07/26"
"백엔드/서버개발, Java, AWS, Spring, MySQL 외                    등록일 24/07/31"
"백엔드/서버개발, Java, Spring, 유지보수, DBMS 외                    등록일 24/08/01"
"백엔드/서버개발, 유지보수, API, Flutter, Node.js 외                    수정일 24/08/14"
"백엔드/서버개발, Java, 웹개발, Spring, Javascript 외                    수정일 24/07/30"
"백엔드/서버개발, 데이터분석가, 딥러닝, 모델링, 라즈베리파이 외                    등록일 24/07/14"
"백엔드/서버개발, 솔루션, Node.js, 클라우드, HTTP 외                    수정일 24/08/01"
"백엔드/서버개발, 프론트엔드, Spring, 유지보수, Node.js 외                    등록일 24/08/01"
"백엔드/서버개발, MySQL, RPA, 클라이언트, 헤드헌팅 수정일 24/08/01"
"백엔드/서버개발, Java, 웹개발, AWS, 솔루션 외                    등록일 24/08/01"
"백엔드/서버개발, 웹개발, AWS, MySQL, API 외                    등록일 24/08/05"
"백엔드/서버개발, Java, 웹개발, 프론트엔드, AWS 외                    등록일 24/08/05"
"백엔드/서버개발, Java, 웹개발, 프론트엔드, Spring 외                    등록일 24/08/13"
"백엔드/서버개발, Java, 웹개발, AWS, Javascript 외                    등록일 24/08/08"
"백엔드/서버개발, 웹개발, 프론트엔드, 유지보수, MySQL 외                    수정일 24/08/14"
"백엔드/서버개발, Java, 유지보수, MariaDB, MSSQL 외                    수정일 24/08/13"
"백엔드/서버개발, Java, 프론트엔드, AWS, 유지보수 외                    수정일 24/08/01"
"백엔드/서버개발, Java, 웹개발, Spring, Javascript 외                    수정일 24/08/07"
"백엔드/서버개발, Java, AWS, Spring, 솔루션 외                    등록일 24/07/31"
"백엔드/서버개발, Java, 웹개발, AWS, Spring 외                    등록일 24/08/06"
"백엔드/서버개발, Java, 웹개발, 프론트엔드, Javascript 외                    수정일 24/08/07"
"백엔드/서버개발, 웹개발, 프론트엔드, AWS, Javascript 외                    수정일 24/08/08"
"백엔드/서버개발, 웹개발, 유지보수, API, Django 외                    등록일 24/08/12"
"백엔드/서버개발, Java, 웹개발, 프론트엔드, AWS 외                    등록일 24/08/10"
"백엔드/서버개발, Java, AWS, Spring, MySQL 외                    등록일 24/08/12"
"백엔드/서버개발, 웹개발, 프론트엔드, AWS, MySQL 외                    등록일 24/08/12"
"백엔드/서버개발, Java, 웹개발, 프론트엔드, Javascript 외                    등록일 24/08/14"
"백엔드/서버개발, Java, 웹개발, 프론트엔드, AWS 외                    등록일 24/07/31"
"백엔드/서버개발, Java, 웹개발, 프론트엔드, AWS 외                    등록일 24/08/09"
"백엔드/서버개발, Java, Spring, MySQL, 클라우드 외                    등록일 24/08/13"
"백엔드/서버개발, Java, 웹개발, AWS, Spring 외                    등록일 24/07/22"
"백엔드/서버개발, Java, AWS, Spring, MySQL 외                    수정일 24/08/12"
"백엔드/서버개발, Java, AWS, Javascript, RDBMS 외                    수정일 24/08/05"
"백엔드/서버개발, 웹개발, 프론트엔드, AWS, Javascript 외                    수정일 24/07/04"
"백엔드/서버개발, Java, AWS, API, 클라우드 외                    등록일 24/07/11"
"백엔드/서버개발, Java, 웹개발, 프론트엔드, AWS 외                    등록일 24/08/02"
"백엔드/서버개발, Java, 웹개발, 유지보수, API 외                    등록일 24/08/13"
"백엔드/서버개발, Java, 웹개발, AWS, Spring 외                    수정일 24/08/13"
"백엔드/서버개발, Java, 웹개발, 프론트엔드, Javascript 외                    등록일 24/08/08"
"백엔드/서버개발, AWS, 클라우드, RDBMS, 아키텍쳐 외                    등록일 24/08/13"
"백엔드/서버개발, Java, 웹개발, 프론트엔드, AWS 외                    등록일 24/07/08"
"백엔드/서버개발, 웹개발, 프론트엔드, Javascript, 유지보수 외                    등록일 24/08/04"
"백엔드/서버개발, Java, 웹개발, 프론트엔드, AWS 외                    등록일 24/08/02"
"백엔드/서버개발, IT컨설팅, 인큐베이팅 등록일 24/08/14"
"백엔드/서버개발, 웹개발, 프론트엔드, AWS, API 외                    수정일 24/07/19"
"백엔드/서버개발, 웹개발, MySQL, API, Django 외                    수정일 24/07/03"
"백엔드/서버개발, Java, AWS, MySQL, API 외                    등록일 24/07/11"
"백엔드/서버개발, AWS, MySQL, API, 기술지원 외                    수정일 24/07/22"
"백엔드/서버개발, Java, 웹개발, 프론트엔드, Spring 외                    수정일 24/07/23"
"백엔드/서버개발, Java, 웹개발, AWS, 유지보수 외                    수정일 24/08/07"
"백엔드/서버개발, Java, 웹개발, 앱개발, Node.js 외                    등록일 24/08/02"
"백엔드/서버개발, Java, 프론트엔드, Node.js, 광고대행사 수정일 24/08/02"
"백엔드/서버개발, Java, Node.js, 소프트웨어개발 수정일 24/08/02"
"백엔드/서버개발, Java, 프론트엔드, Spring, MySQL 외                    수정일 24/08/07"
"백엔드/서버개발, 유지보수, API, .NET, ASP 외                    등록일 24/08/14"
"백엔드/서버개발, Java, AWS, API, DevOps 외                    수정일 24/07/29"
"백엔드/서버개발, 웹개발, 게임개발, Windows, .NET 외                    등록일 24/07/16"
"백엔드/서버개발, Java, AWS, Spring, API 외                    등록일 24/07/22"
"백엔드/서버개발, Java, 웹개발, AWS, Spring 외                    수정일 24/07/29"
"백엔드/서버개발, Java, AWS, Spring, MySQL 외                    등록일 24/08/01"
"백엔드/서버개발, 웹개발, 프론트엔드, AWS, MySQL 외                    등록일 24/08/14"
"백엔드/서버개발, 웹개발, AWS, 유지보수, API 외                    수정일 24/08/14"
"백엔드/서버개발, 솔루션, API, RDBMS, AI(인공지능) 외                    수정일 24/08/06"
"백엔드/서버개발, Java, 웹개발, AWS, Spring 외                    등록일 24/08/14"
"백엔드/서버개발, Java, 웹개발, AWS, Spring 외                    등록일 24/07/23"
"백엔드/서버개발, Java, Spring, API, 모델링 외                    등록일 24/07/02"
"백엔드/서버개발, 유지보수, API, RDBMS, C# 외                    수정일 24/07/15"
"백엔드/서버개발, Java, 웹개발, 프론트엔드, AWS 외                    등록일 24/08/07"
"백엔드/서버개발, 프론트엔드, AWS, 유지보수, 앱개발 외                    수정일 24/07/19"
"백엔드/서버개발, Java, 웹개발, 프론트엔드, AWS 외                    등록일 24/08/12"
"백엔드/서버개발, 프론트엔드, MySQL, API, Swift 외                    등록일 24/08/07"
"Java, 웹개발, Spring, MySQL, API 외                    수정일 24/08/05"
"웹개발, 데이터분석가, DBA, SE(시스템엔지니어), 딥러닝 외                    등록일 24/08/07"
"Java, 웹개발, AWS, Spring, Javascript 외                    등록일 24/08/02"
"Java, 웹개발, AWS, Spring, MySQL 외                    수정일 24/08/14"
"Java, 웹개발, AWS, Spring, Javascript 외                    등록일 24/08/12"
"웹개발, 솔루션, 앱개발, 웹디자인, 일러스트레이터 외                    수정일 24/08/13"
"Java, AWS, Spring, MySQL, API 외                    수정일 24/08/14"
"Java, Spring, Javascript, 솔루션, API 외                    등록일 24/07/30"
"Java, 웹개발, AWS, 유지보수, API 외                    수정일 24/08/08"
"Java, Spring, API, JPA, RestAPI 외                    등록일 24/08/09"
"웹개발, API, .NET, C#, Windows 외                    등록일 24/07/26"
"Java, 프론트엔드, AWS, Spring, API 외                    등록일 24/08/07"
"프론트엔드, AWS, Javascript, MySQL, 솔루션 외                    수정일 24/07/09"
"프론트엔드, AWS, Javascript, API, RDBMS 외                    등록일 24/08/14"
"웹개발, 유지보수, API, .NET, ASP 외                    등록일 24/08/14"
"Java, API, 딥러닝, 알고리즘, C++ 외                    등록일 24/07/16"
"웹개발, MySQL, API, 블록체인, DevOps 외                    등록일 24/07/24"
"백엔드/서버개발, Java, AWS, Spring, Javascript 외                    등록일 24/07/01"
"백엔드/서버개발, Java, 웹개발, 프론트엔드, AWS 외                    수정일 24/07/31"
"백엔드/서버개발, 웹개발, 프론트엔드, AWS, Spring 외                    등록일 24/07/31"
"백엔드/서버개발, 유지보수, MySQL, API, DBMS 외                    수정일 24/08/12"
"백엔드/서버개발, Java, 프론트엔드, Spring, 솔루션 외                    수정일 24/07/22"
"백엔드/서버개발, Java, Spring, MySQL, API 외                    등록일 24/08/01"
"백엔드/서버개발, Java, 프론트엔드, AWS, Spring 외                    등록일 24/07/15"
"백엔드/서버개발, 웹개발, 프론트엔드, AWS, Javascript 외                    등록일 24/07/19"
"백엔드/서버개발, 웹개발, 프론트엔드, AWS, Javascript 외                    등록일 24/07/19"
"백엔드/서버개발, Java, 웹개발, 프론트엔드, AWS 외                    등록일 24/07/30"
"백엔드/서버개발, 웹개발, 프론트엔드, Javascript, 솔루션 외                    등록일 24/08/06"
"백엔드/서버개발, 웹개발, AWS, Javascript, 앱개발 외                    수정일 24/08/01"
"백엔드/서버개발, Java, 클라우드, RDBMS, C++ 외                    수정일 24/08/14"
"백엔드/서버개발, AWS, Spring, API, Azure 외                    수정일 24/08/01"
"백엔드/서버개발, Java, AWS, Javascript, MySQL 외                    등록일 24/07/30"
"백엔드/서버개발, 웹개발, 솔루션, DBA, VR(가상현실) 외                    수정일 24/07/04"
"백엔드/서버개발, Java, 웹개발, Spring, 솔루션 외                    등록일 24/07/18"
"백엔드/서버개발, Java, 웹개발, 프론트엔드, AWS 외                    수정일 24/08/09"
"백엔드/서버개발, Java, 웹개발, AWS, Spring 외                    수정일 24/08/09"
"백엔드/서버개발, 웹개발, API, 앱개발, AI(인공지능) 외                    수정일 24/08/16"
"백엔드/서버개발, Java, RDBMS, Docker, Git 외                    수정일 24/08/15"
"백엔드/서버개발, 유지보수, API, PHP, 플랫폼개발 외                    등록일 24/08/12"
"백엔드/서버개발, AWS, SE(시스템엔지니어), 인프라, DevOps 외                    수정일 24/08/14"
"백엔드/서버개발, Javascript, 유지보수, 솔루션, MariaDB 외                    수정일 24/06/24"
"백엔드/서버개발, Javascript, 유지보수, RDBMS, ElasticStack 외                    등록일 24/07/05"
"백엔드/서버개발, Java, 웹개발, 빅데이터, 클라우드 외                    등록일 24/07/24"
"백엔드/서버개발, Java, 웹개발, 소프트웨어개발 등록일 24/07/29"
"백엔드/서버개발, 웹개발, AWS, API, SE(시스템엔지니어) 외                    등록일 24/07/30"
"백엔드/서버개발, 웹개발, 프론트엔드, Spring, 유지보수 외                    등록일 24/08/05"
"백엔드/서버개발, Java, AWS, Spring, MySQL 외                    등록일 24/06/28"
"백엔드/서버개발, Java, 웹개발, 프론트엔드, Javascript 외                    등록일 24/07/09"
"백엔드/서버개발, Java, 웹개발, Spring, 솔루션 외                    등록일 24/07/19"
"백엔드/서버개발, Java, 웹개발, 프론트엔드, AWS 외                    수정일 24/07/22"
"백엔드/서버개발, Java, 웹개발, 프론트엔드, AWS 외                    등록일 24/07/23"
"백엔드/서버개발, Java, 웹개발, AWS, Spring 외                    등록일 24/07/26"
"백엔드/서버개발, Java, 웹개발, Spring, DBA 외                    등록일 24/08/05"
"백엔드/서버개발, Spring, 솔루션, API, 반응형웹 외                    등록일 24/08/07"
"백엔드/서버개발, Java, 웹개발, 프론트엔드, Javascript 외                    등록일 24/08/07"
"백엔드/서버개발, DBA, C#, PostgreSQL, Python 외                    수정일 24/07/30"
"백엔드/서버개발, 유지보수, 네트워크, 알고리즘, DBMS 외                    수정일 24/06/27"
"백엔드/서버개발, 클라우드, PostgreSQL, 건설회사 수정일 24/07/17"
"백엔드/서버개발, 웹개발, AWS, 유지보수, MySQL 외                    등록일 24/07/24"
"백엔드/서버개발, Java, AWS, Spring, SI·시스템통합 수정일 24/07/31"
"백엔드/서버개발, AWS, 유지보수, API, C# 외                    수정일 24/08/02"
"백엔드/서버개발, Java, S/W, Windows, Linux 외                    등록일 24/08/01"
"백엔드/서버개발, Java, MySQL, API, Kotlin 외                    등록일 24/08/12"
"백엔드/서버개발, Java, AWS, Spring, API 외                    수정일 24/07/12"
"백엔드/서버개발, Java, 웹개발, API, ERP 외                    등록일 24/07/23"
"백엔드/서버개발, Java, 웹개발, Javascript, 솔루션 외                    등록일 24/07/23"
"백엔드/서버개발, AWS, Javascript, 유지보수, MySQL 외                    등록일 24/06/19"
"백엔드/서버개발, Java, Javascript, 솔루션, API 외                    수정일 24/08/13"
"백엔드/서버개발, 웹개발, AWS, API, DBA 외                    수정일 24/07/16"
"백엔드/서버개발, AWS, 솔루션, API, 클라우드 외                    수정일 24/08/13"
"백엔드/서버개발, Java, AWS, Spring, Javascript 외                    수정일 24/08/14"
"백엔드/서버개발, 웹개발, AWS, Javascript, MySQL 외                    수정일 24/07/16"
"백엔드/서버개발, 웹개발, AWS, SE(시스템엔지니어), 검색엔진 외                    수정일 24/07/15"
"백엔드/서버개발, Java, 웹개발, Spring, 솔루션 외                    등록일 24/07/11"
"백엔드/서버개발, Java, 웹개발, Spring, 퍼블리셔 외                    수정일 24/08/13"
"백엔드/서버개발, AWS, Javascript, 인프라, Docker 외                    수정일 24/08/02"
"백엔드/서버개발, 웹개발, 프론트엔드, AWS, Javascript 외                    등록일 24/08/02"
"백엔드/서버개발, 웹개발, API, 웹마스터, PHP 외                    등록일 24/08/06"
"백엔드/서버개발, 웹개발, AWS, DBA, SE(시스템엔지니어) 외                    등록일 24/08/07"
"백엔드/서버개발, Java, Spring, API, 소프트웨어개발 수정일 24/07/18"
"백엔드/서버개발, Java, AWS, Spring, Javascript 외                    등록일 24/06/20"
"백엔드/서버개발, 웹개발, 프론트엔드, API, DBA 외                    수정일 24/07/26"
"백엔드/서버개발, 프론트엔드, MySQL, API, Git 외                    수정일 24/07/30"
"백엔드/서버개발, Java, 웹개발, 프론트엔드, AWS 외                    등록일 24/07/19"
"백엔드/서버개발, 웹개발, 프론트엔드, AWS, Spring 외                    등록일 24/07/19"
"백엔드/서버개발, Java, 웹개발, 프론트엔드, AWS 외                    등록일 24/07/19"
"백엔드/서버개발, Java, 웹개발, AWS, Javascript 외                    등록일 24/08/01"
"백엔드/서버개발, Java, 웹개발, AWS, Spring 외                    수정일 24/08/01"
"백엔드/서버개발, AWS, Spring, 유지보수, 솔루션 외                    등록일 24/08/14"
"백엔드/서버개발, Java, AWS, Spring, Node.js 외                    수정일 24/08/15"
"백엔드/서버개발, 웹개발, AWS, API, 인프라 외                    등록일 24/07/24"
"백엔드/서버개발, Java, 웹개발, 프론트엔드, AWS 외                    등록일 24/07/24"
"백엔드/서버개발, Java, Spring, MySQL, Docker 외                    수정일 24/08/07"
"백엔드/서버개발, 웹개발, 유지보수, Ruby, 컨텐츠제공 등록일 24/08/12"
"백엔드/서버개발, Java, 웹개발, Spring, 유지보수 외                    수정일 24/07/22"
"백엔드/서버개발, 유지보수, MySQL, 앱개발, 퍼블리셔 외                    수정일 24/08/05"
"백엔드/서버개발, 프론트엔드, AWS, 웹마스터, 퍼블리셔 외                    수정일 24/07/10"
"백엔드/서버개발, 웹개발, 프론트엔드, Spring, Javascript 외                    등록일 24/08/07"
"백엔드/서버개발, AWS, 인프라, PostgreSQL, TypeScript 외                    수정일 24/06/18"
"백엔드/서버개발, 웹개발, AWS, API, Node.js 외                    등록일 24/06/20"
"백엔드/서버개발, AWS, Spring, MySQL, Docker 외                    수정일 24/08/02"
"백엔드/서버개발, Java, 웹개발, Spring, API 외                    등록일 24/07/02"
"백엔드/서버개발, Java, 웹개발, 프론트엔드, AWS 외                    수정일 24/08/12"
"백엔드/서버개발, Java, 솔루션, API, Python 외                    등록일 24/07/09"
"백엔드/서버개발, Java, 웹개발, 프론트엔드, Spring 외                    등록일 24/07/10"
"백엔드/서버개발, Java, 웹개발, 유지보수, Kotlin 외                    등록일 24/07/17"
"백엔드/서버개발, 웹개발, 프론트엔드, API, Git 외                    등록일 24/07/18"
"백엔드/서버개발, Java, 웹개발, 프론트엔드, AWS 외                    등록일 24/07/24"
"백엔드/서버개발, 웹개발, 프론트엔드, AWS, Javascript 외                    등록일 24/07/26"
"백엔드/서버개발, 웹개발, 프론트엔드, AWS, Javascript 외                    등록일 24/07/24"
"백엔드/서버개발, AWS, API, PostgreSQL, RestAPI 외                    수정일 24/07/30"
"백엔드/서버개발, 웹개발, 프론트엔드, AWS, Javascript 외                    등록일 24/07/26"
"백엔드/서버개발, Java, AWS, Spring, Javascript 외                    수정일 24/07/29"
"백엔드/서버개발, 웹개발, 프론트엔드, AWS, Spring 외                    등록일 24/08/02"
"백엔드/서버개발, Java, 프론트엔드, Kafka, SpringBoot 외                    등록일 24/08/12"
"백엔드/서버개발, Java, 웹개발, Spring, API 외                    등록일 24/08/09"
"백엔드/서버개발, Java, Spring, Javascript, 솔루션 외                    등록일 24/06/25"
"백엔드/서버개발, 웹개발, 웹마스터, Windows, Git 외                    등록일 24/07/02"
"백엔드/서버개발, 유지보수, API, 풀스택, 인프라 외                    수정일 24/08/06"
"백엔드/서버개발, Java, 웹개발, 프론트엔드, AWS 외                    등록일 24/07/22"
"백엔드/서버개발, 전자상거래, 쇼핑몰, 오픈마켓 수정일 24/07/25"
"백엔드/서버개발, 웹개발, 프론트엔드, API, Django 외                    등록일 24/07/25"
"백엔드/서버개발, Java, 웹개발, AWS, Spring 외                    등록일 24/07/25"
"백엔드/서버개발, Java, 웹개발, AWS, Spring 외                    등록일 24/07/19"
"백엔드/서버개발, Java, 웹개발, 프론트엔드, AWS 외                    등록일 24/07/26"
"백엔드/서버개발, 웹개발, 프론트엔드, AWS, Javascript 외                    등록일 24/07/29"
"백엔드/서버개발, Spring, API, 검색엔진, Jenkins 외                    수정일 24/07/25"
"백엔드/서버개발, Java, AWS, Spring, API 외                    등록일 24/08/01"
"백엔드/서버개발, Java, 웹개발, 프론트엔드, Spring 외                    등록일 24/08/02"
"백엔드/서버개발, Java, AWS, Spring, 솔루션 외                    등록일 24/08/05"
"백엔드/서버개발, 웹개발, 프론트엔드, AWS, Javascript 외                    등록일 24/08/05"
"백엔드/서버개발, 웹개발, Spring, MySQL, API 외                    등록일 24/08/06"
"백엔드/서버개발, Java, 웹개발, 프론트엔드, AWS 외                    등록일 24/08/08"
"백엔드/서버개발, Java, 웹개발, 프론트엔드, AWS 외                    등록일 24/08/09"
"백엔드/서버개발, Java, 웹개발, 프론트엔드, Spring 외                    등록일 24/08/13"
"백엔드/서버개발, API, 헬스케어, SpringBoot, SQL 외                    수정일 24/08/14"
"백엔드/서버개발, 웹개발, AWS, 유지보수, MySQL 외                    수정일 24/07/25"
"백엔드/서버개발, 웹개발, 프론트엔드, AWS, Javascript 외                    등록일 24/07/24"
"백엔드/서버개발, 웹개발, 프론트엔드, AWS, Javascript 외                    등록일 24/07/24"
"백엔드/서버개발, 웹개발, 프론트엔드, AWS, API 외                    등록일 24/07/29"
"백엔드/서버개발, C#, C++, C언어, 인프라 외                    등록일 24/08/08"
"백엔드/서버개발, Java, 프론트엔드, AWS, 유지보수 외                    등록일 24/08/08"
"백엔드/서버개발, 프론트엔드, 인프라, Flutter, Node.js 외                    등록일 24/08/09"
"백엔드/서버개발, Java, 웹개발, AWS, Spring 외                    등록일 24/08/14"
"백엔드/서버개발, 웹개발, 프론트엔드, AWS, Spring 외                    수정일 24/08/02"
"백엔드/서버개발, Java, AWS, Spring, API 외                    등록일 24/06/17"
"백엔드/서버개발, AWS, 유지보수, 솔루션, API 외                    수정일 24/07/26"
"백엔드/서버개발, Java, 웹개발, AWS, Spring 외                    등록일 24/07/19"
"백엔드/서버개발, 웹개발, AWS, 유지보수, API 외                    수정일 24/07/17"
"백엔드/서버개발, 웹개발, 프론트엔드, AWS, Javascript 외                    등록일 24/07/24"
"백엔드/서버개발, 웹개발, 프론트엔드, AWS, Javascript 외                    등록일 24/07/26"
"백엔드/서버개발, API, 미들웨어, 아키텍쳐, 컨텐츠제공 수정일 24/07/26"
"백엔드/서버개발, Java, 소프트웨어개발 수정일 24/08/07"
"백엔드/서버개발, Java, 프론트엔드, Spring, RPA 외                    등록일 24/08/01"
"백엔드/서버개발, 웹개발, Javascript, Ajax, ASP.NET 외                    수정일 24/08/15"
"백엔드/서버개발, Java, AWS, Spring, MySQL 외                    수정일 24/08/13"
"백엔드/서버개발, AWS, 솔루션, API, 네트워크 외                    수정일 24/08/13"
"백엔드/서버개발, AWS, 컴퓨터비전, 클라우드, 헬스케어 외                    등록일 24/08/05"
"백엔드/서버개발, Java, API, 블록체인, 스마트컨트랙트 외                    등록일 24/08/07"
"백엔드/서버개발, Java, MySQL, JSP, 인터넷금융 등록일 24/08/11"
"백엔드/서버개발, Java, AWS, Spring, Javascript 외                    등록일 24/08/13"
"백엔드/서버개발, AWS, API, 인프라, IoT 외                    등록일 24/08/15"
"백엔드/서버개발, Java, 웹개발, 프론트엔드, Javascript 외                    수정일 24/07/26"
"백엔드/서버개발, 웹개발, Javascript, 유지보수, MySQL 외                    수정일 24/07/19"
"백엔드/서버개발, AWS, 유지보수, 블록체인, 알고리즘 외                    등록일 24/08/01"
"백엔드/서버개발, AWS, API, 블록체인, iOS 외                    수정일 24/08/15"
"백엔드/서버개발, AWS, API, 블록체인, iOS 외                    등록일 24/08/15"
"백엔드/서버개발, Java, Spring, Javascript, 유지보수 외                    수정일 24/08/14"
"백엔드/서버개발, Java, 웹개발, Spring, Javascript 외                    수정일 24/08/14"
"백엔드/서버개발, Java, 웹개발, 유지보수, 솔루션 외                    등록일 24/08/01"
"백엔드/서버개발, MySQL, Django, Python, 인프라 외                    등록일 24/08/13"
"백엔드/서버개발, 웹개발, AWS, Spring, MySQL 외                    수정일 24/08/14"
"백엔드/서버개발, Java, 웹개발, Spring, 검색엔진 외                    수정일 24/08/13"
"백엔드/서버개발, Java, AWS, Spring, API 외                    등록일 24/07/17"
"백엔드/서버개발, Java, 웹개발, 프론트엔드, AWS 외                    등록일 24/07/19"
"백엔드/서버개발, Java, 웹개발, AWS, Spring 외                    등록일 24/07/18"
"백엔드/서버개발, Java, 웹개발, Spring, 유지보수 외                    수정일 24/07/29"
"백엔드/서버개발, 웹개발, 프론트엔드, AWS, Javascript 외                    등록일 24/07/31"
"백엔드/서버개발, 웹개발, Spring, MySQL, DBA 외                    등록일 24/07/29"
"백엔드/서버개발, 웹개발, AWS, SE(시스템엔지니어), 검색엔진 외                    등록일 24/07/31"
"백엔드/서버개발, 웹개발, Spring, RDBMS, Kotlin 외                    등록일 24/07/31"
"백엔드/서버개발, 웹개발, MySQL, API, 앱개발 외                    수정일 24/07/30"
"백엔드/서버개발, 프론트엔드, AWS, API, 머신러닝 외                    등록일 24/07/26"
"백엔드/서버개발, Java, AWS, 솔루션, API 외                    등록일 24/08/06"
"백엔드/서버개발, Java, 웹개발, AWS, MySQL 외                    등록일 24/08/10"
"백엔드/서버개발, Java, 웹개발, AWS, MySQL 외                    등록일 24/08/15"
"백엔드/서버개발, Java, 웹개발, 솔루션, API 외                    수정일 24/06/26"
"백엔드/서버개발, Java, API, 블록체인, 클라우드 외                    등록일 24/06/25"
"백엔드/서버개발, Java, Spring, Javascript, 빅데이터 외                    등록일 24/07/31"
"백엔드/서버개발, Java, 웹개발, AWS, Spring 외                    등록일 24/08/02"
"백엔드/서버개발, Java, 웹개발, 솔루션, 데이터분석가 외                    등록일 24/08/06"
"백엔드/서버개발, AWS, Spring, 유지보수, 네트워크 외                    등록일 24/08/12"
"백엔드/서버개발, Java, Spring, Docker, JPA 외                    등록일 24/08/12"
"백엔드/서버개발, Java, 웹개발, AWS, Spring 외                    등록일 23/10/20"
"백엔드/서버개발, AWS, 유지보수, Git, Node.js 외                    수정일 24/07/31"
"백엔드/서버개발, 유지보수, API, MongoDB, NoSQL 외                    수정일 24/07/11"
"백엔드/서버개발, 솔루션, API, 인프라, DBMS 외                    등록일 24/08/01"
"백엔드/서버개발, 프론트엔드, Javascript, ReactJS, 시스템관리 외                    수정일 24/08/14"
"백엔드/서버개발, Java, 프론트엔드, Node.js, 소프트웨어개발 등록일 24/08/02"
"백엔드/서버개발, Java, 프론트엔드, Node.js, 광고대행사 등록일 24/08/02"
"백엔드/서버개발, MySQL, API, Django, MongoDB 외                    수정일 24/08/14"
"백엔드/서버개발, 웹개발, 유지보수, MySQL, DBA 외                    등록일 24/08/06"
"백엔드/서버개발, 프론트엔드, 유지보수, 솔루션, 풀스택 외                    등록일 24/08/05"
"백엔드/서버개발, 솔루션, Django, Docker, Kafka 외                    등록일 24/08/07"
"백엔드/서버개발, 웹개발, AWS, Azure, GCP 외                    수정일 24/08/15"
"백엔드/서버개발, 웹개발, 솔루션, 서치펌 수정일 24/08/15"
"백엔드/서버개발, Java, AWS, 유지보수, 솔루션 외                    등록일 24/08/11"
"백엔드/서버개발, Java, C++, Python, 헤드헌팅 등록일 24/08/13"
"백엔드/서버개발, Java, 유지보수, MySQL, RDBMS 외                    수정일 24/07/22"
"백엔드/서버개발, 프론트엔드, AWS, Spring, 유지보수 외                    수정일 24/08/14"
"백엔드/서버개발, 웹개발, 프론트엔드, Javascript, 솔루션 외                    수정일 24/08/02"
"백엔드/서버개발, Spring, 빅데이터, 알고리즘, 정보통신 외                    수정일 24/07/17"
"백엔드/서버개발, Java, 웹개발, Spring, 네트워크 외                    등록일 24/07/19"
"백엔드/서버개발, Java, 웹개발, AWS, SE(시스템엔지니어) 외                    등록일 24/07/24"
"백엔드/서버개발, Java, AWS, Spring, MySQL 외                    수정일 24/07/24"
"백엔드/서버개발, 웹개발, AWS, SE(시스템엔지니어), 인프라 외                    등록일 24/07/31"
"백엔드/서버개발, AWS, C++, 인프라, SaaS 외                    등록일 24/08/02"
"백엔드/서버개발, Java, 웹개발, 프론트엔드, Spring 외                    수정일 24/08/02"
"백엔드/서버개발, 프론트엔드, MySQL, API, Node.js 외                    수정일 24/08/02"
"백엔드/서버개발, Java, 웹개발, 프론트엔드, AWS 외                    수정일 24/08/13"
"백엔드/서버개발, AI(인공지능), 딥러닝, MariaDB, PostgreSQL 외                    등록일 24/08/05"
"백엔드/서버개발, 웹개발, MySQL, API, 앱개발 외                    수정일 24/08/14"
"백엔드/서버개발, Java, AWS, Spring, MySQL 외                    수정일 24/08/08"
"백엔드/서버개발, AWS, MySQL, API, 알고리즘 외                    등록일 24/08/08"
"백엔드/서버개발, AWS, 솔루션, API, MongoDB 외                    등록일 24/08/10"
"백엔드/서버개발, 웹개발, 유지보수, Django, Python 외                    등록일 24/08/11"
"백엔드/서버개발, Java, AWS, Spring, 네트워크 외                    등록일 24/08/14"
"백엔드/서버개발, Java, 웹개발, Spring, 네트워크 외                    등록일 24/08/14"
"백엔드/서버개발, Java, 웹개발, Spring, RDBMS 외                    등록일 24/07/05"
"백엔드/서버개발, Spring, MySQL, 솔루션, API 외                    수정일 24/08/12"
"백엔드/서버개발, Java, 웹개발, Spring, Javascript 외                    등록일 24/06/17"
"백엔드/서버개발, Java, 솔루션, API, 빅데이터 외                    수정일 24/08/09"
"백엔드/서버개발, AWS, MySQL, 솔루션, API 외                    수정일 24/07/26"
"백엔드/서버개발, Spring, 데이터마이닝, 데이터시각화, DW 외                    수정일 24/08/09"
"백엔드/서버개발, Java, MySQL, 솔루션, API 외                    등록일 24/08/05"
"백엔드/서버개발, 웹개발, AWS, Spring, MySQL 외                    수정일 24/08/06"
"백엔드/서버개발, 웹개발, 프론트엔드, API, Git 외                    수정일 24/07/31"
"백엔드/서버개발, Java, Spring, API, 블록체인 외                    등록일 24/08/09"
"백엔드/서버개발, Java, Spring, MySQL, API 외                    등록일 24/08/09"
"백엔드/서버개발, 솔루션, Django, SaaS, Python 외                    수정일 24/08/16"
"백엔드/서버개발, AWS, Docker, PostgreSQL, Redis 외                    등록일 24/08/05"
"백엔드/서버개발, Java, 프론트엔드, MySQL, API 외                    등록일 24/08/15"
"백엔드/서버개발, Spring, 솔루션, DBMS, PostgreSQL 외                    등록일 24/08/05"
"웹개발, 솔루션, API, 앱개발, DBA 외                    수정일 24/07/04"
"AI(인공지능), Python, 기업교육, 이러닝, 네트웍구축 외                    등록일 24/08/05"
"프론트엔드, AWS, Javascript, MySQL, API 외                    수정일 24/08/13"
"AWS, 솔루션, MariaDB, MongoDB, Node.js 외                    등록일 24/08/06"
"Java, AWS, Spring, 솔루션, API 외                    수정일 24/08/12"
"Java, Spring, 솔루션, MyBatis, Redis 외                    등록일 24/08/12"
"프론트엔드, AWS, Javascript, MySQL, API 외                    수정일 24/07/16"
"Java, 프론트엔드, AWS, Spring, DevOps 외                    등록일 24/07/23"
"웹개발, 프론트엔드, Javascript, API, 데이터분석가 외                    등록일 24/08/07"
"Java, AWS, Spring, Javascript, MySQL 외                    수정일 24/08/08"
"Java, AWS, Javascript, 유지보수, MySQL 외                    등록일 24/08/06"
"Java, 프론트엔드, Spring, MySQL, DevOps 외                    등록일 24/08/12"
"웹개발, Spring, Javascript, MySQL, RDBMS 외                    등록일 24/08/01"
"Java, 프론트엔드, 유지보수, 솔루션, 데이터시각화 외                    등록일 24/06/24"
"프론트엔드, AWS, Javascript, MySQL, API 외                    등록일 24/08/05"
"솔루션, SE(시스템엔지니어), 네트워크, S/W, C++ 외                    수정일 24/07/04"
"웹개발, 유지보수, API, PHP, 미들웨어 외                    수정일 24/08/07"
"Java, 프론트엔드, AWS, Javascript, MySQL 외                    등록일 24/08/12"
"AWS, Javascript, 유지보수, 핀테크, AI(인공지능) 외                    수정일 23/11/30"
"웹개발, SI개발, SI·시스템통합 등록일 24/07/26"
"Java, AWS, Spring, API, Windows 외                    수정일 24/08/01"
"웹개발, API, 앱개발, SE(시스템엔지니어), CSS 외                    등록일 24/08/05"
"Java, AWS, Spring, MySQL, API 외                    등록일 24/08/13"
"Java, AWS, Spring, MySQL, API 외                    등록일 24/08/13"
"Java, Spring, 유지보수, API, JPA 외                    등록일 24/07/23"
"Java, AWS, Spring, MySQL, API 외                    등록일 24/08/05"
"Java, 웹개발, 프론트엔드, Spring, API 외                    수정일 24/08/15"
"Java, 웹개발, 프론트엔드, Spring, MySQL 외                    수정일 24/08/15"
"Java, Javascript, 솔루션, JPA, MariaDB 외                    수정일 24/08/07"
"API, 딥러닝, 머신러닝, 알고리즘, AI(인공지능) 외                    등록일 24/07/16"
"AWS, 유지보수, MySQL, API, 검색엔진 외                    수정일 24/07/29"
"Spring, 유지보수, 솔루션, Docker, Git 외                    등록일 24/08/11"
"솔루션, AI(인공지능), 딥러닝, 머신러닝, MariaDB 외                    등록일 24/08/07"
"유지보수, API, DBA, ASP, ASP.NET 외                    등록일 24/08/13"
"솔루션, S/W, 시스템관리, 솔루션업체 등록일 24/08/05"
"Java, AWS, Spring, MySQL, API 외                    등록일 24/08/14"
"유지보수, MySQL, 인프라, 펌웨어, MSSQL 외                    등록일 24/08/14"
"Java, 웹개발, AWS, 앱개발, 정보보안 외                    수정일 24/08/14"
"IT영업, 소프트웨어개발 수정일 24/08/07"
"IT강사, 컴퓨터교육, 코딩, IT학원 등록일 24/06/18"
"백엔드/서버개발, 웹개발, 프론트엔드, AWS, Javascript 외                    수정일 24/06/26"
"백엔드/서버개발, Java, 웹개발, 프론트엔드, Spring 외                    등록일 24/08/12"
"백엔드/서버개발, Java, 웹개발, Spring, Javascript 외                    수정일 24/08/10"
"백엔드/서버개발, Java, 웹개발, MySQL, 솔루션 외                    등록일 24/07/19"
"백엔드/서버개발, Java, 웹개발, AWS, Spring 외                    수정일 24/06/25"
"백엔드/서버개발, Java, 웹개발, 프론트엔드, AWS 외                    등록일 24/07/31"
"백엔드/서버개발, Java, 웹개발, AWS, Spring 외                    등록일 24/07/06"
"백엔드/서버개발, Java, 웹개발, 프론트엔드, AWS 외                    등록일 24/07/23"
"백엔드/서버개발, 프론트엔드, ERP, Apache, Eclipse 외                    등록일 24/08/13"
"백엔드/서버개발, Java, 웹개발, 프론트엔드, Spring 외                    수정일 24/06/27"
"백엔드/서버개발, 웹개발, 프론트엔드, AWS, Spring 외                    수정일 24/08/12"
"백엔드/서버개발, Java, 인프라, 클라우드, Node.js 외                    수정일 24/08/12"
"백엔드/서버개발, Java, 웹개발, 프론트엔드, AWS 외                    등록일 24/08/02"
"백엔드/서버개발, Javascript, 솔루션, API, 클라우드 외                    수정일 24/07/31"
"백엔드/서버개발, 웹개발, AWS, 솔루션, API 외                    수정일 24/08/06"
"백엔드/서버개발, 웹개발, AWS, 유지보수, API 외                    등록일 24/08/12"
"백엔드/서버개발, 웹개발, Javascript, 유지보수, API 외                    등록일 24/08/12"
"백엔드/서버개발, MySQL, Linux, 빅데이터, 인프라 외                    수정일 24/08/09"
"백엔드/서버개발, Java, 프론트엔드, 유지보수, API 외                    등록일 24/08/02"
"백엔드/서버개발, API, 정보보안, 네트워크, 빅데이터 외                    수정일 24/08/06"
"백엔드/서버개발, 웹개발, AWS, Spring, MySQL 외                    수정일 24/08/13"
"백엔드/서버개발, 웹개발, 프론트엔드, AWS, 유지보수 외                    등록일 24/08/05"
"백엔드/서버개발, Java, 웹개발, AWS, Spring 외                    등록일 24/08/08"
"백엔드/서버개발, Java, 웹개발, 프론트엔드, AWS 외                    등록일 24/08/13"
"백엔드/서버개발, Java, 웹개발, Spring, 유지보수 외                    수정일 24/06/24"
"백엔드/서버개발, Java, 프론트엔드, AWS, API 외                    수정일 24/08/01"
"백엔드/서버개발, Java, 프론트엔드, Android, iOS 외                    등록일 24/08/10"
"백엔드/서버개발, 웹개발, 프론트엔드, AWS, 솔루션 외                    등록일 24/08/12"
"Java, 프론트엔드, Javascript, API, React 외                    등록일 24/08/09"
"Java, 웹개발, AWS, Ajax, JPA 외                    수정일 24/08/06"
"공정엔지니어, 기술엔지니어, 기술설계, LCD, 반도체 외                    등록일 24/08/13"
"백엔드/서버개발, 웹개발, 프론트엔드, AWS, Javascript 외                    등록일 24/08/06"
"백엔드/서버개발, Java, 웹개발, Spring, DBA 외                    수정일 24/08/06"
"백엔드/서버개발, 웹개발, AWS, API, SE(시스템엔지니어) 외                    등록일 24/08/14"
"백엔드/서버개발, Java, 웹개발, AWS, Spring 외                    등록일 24/08/01"
"백엔드/서버개발, 웹개발, Spring, API, JPA 외                    등록일 24/08/12"
"백엔드/서버개발, Java, 웹개발, AWS, Spring 외                    등록일 24/07/26"
"백엔드/서버개발, 웹개발, 프론트엔드, 솔루션, DBMS 외                    수정일 24/08/09"
"백엔드/서버개발, 웹개발, 프론트엔드, 솔루션, DBMS 외                    수정일 24/08/09"
"백엔드/서버개발, AWS, API, CISO, Docker 외                    수정일 24/08/01"
"백엔드/서버개발, Java, 웹개발, AWS, Spring 외                    수정일 24/07/31"
"백엔드/서버개발, Java, 웹개발, AWS, Spring 외                    수정일 24/07/31"
"백엔드/서버개발, Java, 웹개발, AWS, Spring 외                    등록일 24/08/09"
"백엔드/서버개발, Java, 웹개발, AWS, Spring 외                    등록일 24/08/13"
"백엔드/서버개발, 웹개발, 프론트엔드, AWS, Javascript 외                    등록일 24/07/17"
"백엔드/서버개발, 프론트엔드, AWS, API, DBMS 외                    등록일 24/07/25"
"백엔드/서버개발, Java, 웹개발, 프론트엔드, Spring 외                    등록일 24/08/05"
"백엔드/서버개발, 웹개발, 프론트엔드, AWS, API 외                    등록일 24/08/07"
"백엔드/서버개발, Java, AWS, Spring, 인프라 외                    등록일 24/08/13"
"백엔드/서버개발, 프론트엔드, UI/UX디자인, 서비스기획, 앱기획 외                    등록일 24/08/12"
"백엔드/서버개발, Java, 웹개발, 프론트엔드, Spring 외                    수정일 24/08/14"
"백엔드/서버개발, 웹개발, 프론트엔드, AWS, Javascript 외                    등록일 24/07/25"
"백엔드/서버개발, Java, AWS, API, 데이터분석가 외                    수정일 24/08/02"
"백엔드/서버개발, 유지보수, MySQL, 알고리즘, APM 외                    수정일 24/07/02"
"백엔드/서버개발, 웹개발, 프론트엔드, Javascript, 유지보수 외                    수정일 24/08/13"
"백엔드/서버개발, Spring, 모델링, 알고리즘, 인프라 외                    수정일 24/07/17"
"백엔드/서버개발, Java, Spring, RDBMS, R 외                    등록일 24/07/11"
"백엔드/서버개발, Java, 웹개발, Spring, API 외                    등록일 24/08/02"
"백엔드/서버개발, 웹개발, 프론트엔드, AWS, Javascript 외                    등록일 24/08/07"
"백엔드/서버개발, Java, 웹개발, Spring, 유지보수 외                    수정일 24/08/07"
"백엔드/서버개발, 프론트엔드, Spring, Kubernetes, 인프라 외                    수정일 24/08/14"
"백엔드/서버개발, Java, Spring, API, Docker 외                    수정일 24/08/12"
"백엔드/서버개발, Java, 웹개발, Spring, Javascript 외                    등록일 24/07/23"
"백엔드/서버개발, Java, 유지보수, MySQL, 솔루션 외                    등록일 24/06/17"
"백엔드/서버개발, Java, 웹개발, AWS, Spring 외                    수정일 24/08/09"
"백엔드/서버개발, Java, 웹개발, 프론트엔드, Spring 외                    수정일 24/08/05"
"백엔드/서버개발, Java, 웹개발, Spring, 솔루션 외                    등록일 24/08/08"
"백엔드/서버개발, API, 데이터엔지니어, AI(인공지능), AI(인공지능) 외                    등록일 24/07/04"
"백엔드/서버개발, Java, 웹개발, AWS, Spring 외                    등록일 24/07/24"
"백엔드/서버개발, 웹개발, 솔루션, 앱개발, SE(시스템엔지니어) 외                    수정일 24/08/14"
"백엔드/서버개발, Java, 웹개발, Spring, 유지보수 외                    수정일 24/07/31"
"백엔드/서버개발, Java, 웹개발, Spring, SE(시스템엔지니어) 외                    수정일 24/07/04"
"백엔드/서버개발, Java, 웹개발, AWS, Spring 외                    등록일 24/08/08"
"백엔드/서버개발, Java, 웹개발, Spring, DBA 외                    등록일 24/08/08"
"백엔드/서버개발, Java, AWS, Spring, MySQL 외                    수정일 24/08/12"
"백엔드/서버개발, Java, 웹개발, Spring, MySQL 외                    등록일 24/08/12"
"백엔드/서버개발, Java, 웹개발, 프론트엔드, AWS 외                    등록일 24/08/12"
"백엔드/서버개발, 웹개발, 프론트엔드, AWS, Javascript 외                    수정일 24/07/29"
"백엔드/서버개발, API, 앱개발, Flutter, React-Native 외                    등록일 24/07/28"
"백엔드/서버개발, Java, 웹개발, 프론트엔드, Spring 외                    등록일 24/07/25"
"백엔드/서버개발, AWS, Spring, 데이터분석가, 데이터엔지니어 외                    수정일 24/08/14"
"백엔드/서버개발, Java, AWS, Spring, MySQL 외                    수정일 24/08/08"
"백엔드/서버개발, Java, 웹개발, 프론트엔드, Spring 외                    등록일 24/07/22"
"백엔드/서버개발, Java, 웹개발, Spring, Javascript 외                    수정일 24/08/02"
"백엔드/서버개발, 솔루션, 클라우드, Node.js, 솔루션업체 수정일 24/08/14"
"Java, 웹개발, Spring, Javascript, MySQL 외                    등록일 24/07/03"
"Java, 웹개발, Javascript, MSSQL, PHP 외                    등록일 24/08/07"
"회로설계, 반도체, ASIC, 반도체, IC설계 등록일 24/08/04"
"회로설계, 반도체, ASIC, 반도체, IC설계 등록일 24/07/29"
"AI(인공지능), 회로설계, 반도체, 반도체, ASIC 외                    수정일 24/08/12"
"백엔드/서버개발, Java, Spring, 솔루션, API 외                    등록일 24/08/07"
"백엔드/서버개발, Java, AWS, Spring, 솔루션 외                    등록일 24/06/18"
"백엔드/서버개발, Java, Spring, 솔루션, Windows 외                    수정일 24/07/29"
"백엔드/서버개발, Java, 웹개발, 프론트엔드, Spring 외                    등록일 24/07/22"
"백엔드/서버개발, Java, 웹개발, Spring, DBA 외                    등록일 24/08/06"
"백엔드/서버개발, Java, 프론트엔드, Spring, Javascript 외                    등록일 24/07/29"
"백엔드/서버개발, Java, 웹개발, Spring, jQuery 외                    등록일 24/07/23"
"백엔드/서버개발, AWS, API, 인프라, RDBMS 외                    등록일 24/08/14"
"백엔드/서버개발, 유지보수, 앱개발, 여행사 수정일 24/07/08"
"백엔드/서버개발, Java, 웹개발, AWS, Spring 외                    등록일 24/07/25"
"백엔드/서버개발, Java, 웹개발, Spring, JPA 외                    등록일 24/06/27"
"백엔드/서버개발, 웹개발, 프론트엔드, AWS, API 외                    등록일 24/07/29"
"백엔드/서버개발, 웹개발, 프론트엔드, AWS, API 외                    등록일 24/07/29"
"백엔드/서버개발, Java, AWS, 유지보수, MySQL 외                    등록일 24/08/14"
"백엔드/서버개발, 웹개발, 프론트엔드, AWS, Spring 외                    등록일 24/03/20"
"백엔드/서버개발, Java, 웹개발, 솔루션, API 외                    수정일 24/07/04"
"백엔드/서버개발, Java, 웹개발, 프론트엔드, AWS 외                    등록일 24/08/09"
"백엔드/서버개발, Java, 프론트엔드, AWS, Spring 외                    수정일 24/06/23"
"백엔드/서버개발, 솔루션, 앱개발, 네트워크, C# 외                    등록일 24/07/22"
"백엔드/서버개발, Java, AWS, Spring, API 외                    등록일 24/08/02"
"백엔드/서버개발, 웹개발, 프론트엔드, Javascript, API 외                    수정일 24/07/04"
"백엔드/서버개발, Java, 웹개발, 프론트엔드, AWS 외                    등록일 24/07/22"
"백엔드/서버개발, Java, 웹개발, AWS, Spring 외                    등록일 24/07/25"
"백엔드/서버개발, API, AI(인공지능), Python, Docker 외                    등록일 24/08/07"
"백엔드/서버개발, AWS, 솔루션, API, SI개발 외                    수정일 24/08/14"
"백엔드/서버개발, Java, 웹개발, AWS, Spring 외                    수정일 24/08/14"
"백엔드/서버개발, Java, 프론트엔드, AWS, Spring 외                    수정일 24/08/05"
"백엔드/서버개발, 웹개발, 프론트엔드, AWS, MySQL 외                    등록일 24/08/02"
"백엔드/서버개발, Java, 웹개발, AWS, Spring 외                    등록일 24/08/09"
"백엔드/서버개발, 웹개발, AWS, API, DBA 외                    등록일 24/08/08"
"백엔드/서버개발, 프론트엔드, 유지보수, MySQL, API 외                    등록일 24/08/08"
"백엔드/서버개발, Java, 웹개발, AWS, Spring 외                    등록일 24/07/23"
"백엔드/서버개발, 웹개발, AWS, Spring, 유지보수 외                    등록일 24/07/23"
"백엔드/서버개발, API, 데이터분석가, 데이터엔지니어, 데이터라벨링 외                    수정일 24/08/06"
"백엔드/서버개발, AWS, MySQL, 솔루션, API 외                    수정일 24/08/05"
"백엔드/서버개발, 웹개발, 프론트엔드, AWS, Spring 외                    등록일 24/08/07"
"백엔드/서버개발, Java, 유지보수, MySQL, Docker 외                    등록일 24/08/09"
"백엔드/서버개발, Java, AWS, Spring, Javascript 외                    등록일 24/08/02"
"백엔드/서버개발, 프론트엔드, API, GoLang, Python 외                    등록일 24/08/10"
"백엔드/서버개발, 웹개발, 프론트엔드, AWS, Javascript 외                    수정일 24/07/05"
"백엔드/서버개발, Java, 프론트엔드, AWS, 유지보수 외                    수정일 24/08/05"
"백엔드/서버개발, 웹개발, AWS, 인프라, Django 외                    등록일 24/08/07"
"백엔드/서버개발, 알고리즘, 인프라, Django, Flask 외                    수정일 24/07/17"
"백엔드/서버개발, Java, Spring, S/W, DBMS 외                    수정일 24/08/06"
"백엔드/서버개발, Java, Spring, S/W, DBMS 외                    등록일 24/08/06"
"백엔드/서버개발, Java, 웹개발, AWS, Spring 외                    등록일 24/08/07"
"백엔드/서버개발, Java, 웹개발, AWS, Spring 외                    등록일 24/08/07"
"백엔드/서버개발, Java, 웹개발, 프론트엔드, AWS 외                    등록일 24/07/22"
"백엔드/서버개발, Java, 웹개발, 프론트엔드, Spring 외                    등록일 24/07/22"
"백엔드/서버개발, Java, 웹개발, 프론트엔드, AWS 외                    등록일 24/07/22"
"백엔드/서버개발, Java, 웹개발, AWS, 솔루션 외                    등록일 24/07/22"
"백엔드/서버개발, Java, AWS, Spring, JSP 외                    등록일 24/07/18"
"백엔드/서버개발, Java, Spring, Javascript, 유지보수 외                    등록일 24/08/05"
"백엔드/서버개발, AWS, QA/테스터, AI(인공지능), Node.js 외                    수정일 24/08/12"
"백엔드/서버개발, Java, 솔루션, 인프라, NoSQL 외                    수정일 24/08/09"
"백엔드/서버개발, Java, AWS, Spring, 솔루션 외                    수정일 24/07/29"
"백엔드/서버개발, 웹개발, Spring, Javascript, TypeScript 외                    수정일 24/08/14"
"백엔드/서버개발, 웹개발, Spring, Javascript, TypeScript 외                    수정일 24/08/14"
"백엔드/서버개발, 웹개발, 프론트엔드, AWS, 유지보수 외                    등록일 24/07/22"
"백엔드/서버개발, 웹개발, AWS, Spring, API 외                    수정일 24/07/31"
"백엔드/서버개발, 웹개발, 프론트엔드, Javascript, 솔루션 외                    수정일 24/08/13"
"백엔드/서버개발, Java, Spring, 클라우드, DBMS 외                    등록일 24/08/14"
"백엔드/서버개발, Java, AWS, Spring, 앱개발 외                    수정일 24/08/08"
"백엔드/서버개발, AWS, API, 앱개발, 블록체인 외                    등록일 24/07/30"
"백엔드/서버개발, 솔루션, 앱개발, 네트워크, C# 외                    등록일 24/08/02"
"백엔드/서버개발, Java, AWS, Javascript, RDBMS 외                    수정일 24/08/06"
"백엔드/서버개발, 웹개발, 프론트엔드, AWS, Javascript 외                    수정일 24/07/29"
"백엔드/서버개발, Java, 웹개발, Spring, 솔루션 외                    등록일 24/07/31"
"백엔드/서버개발, Java, 웹개발, AWS, Spring 외                    등록일 24/07/24"
"백엔드/서버개발, 프론트엔드, AWS, 인터페이스, Android 외                    등록일 24/06/21"
"백엔드/서버개발, 웹개발, AWS, 솔루션, DBA 외                    수정일 24/07/04"
"백엔드/서버개발, Java, 웹개발, 프론트엔드, AWS 외                    등록일 24/08/01"
"백엔드/서버개발, Java, 웹개발, AWS, Spring 외                    수정일 24/08/02"
"백엔드/서버개발, Java, AWS, Spring, MySQL 외                    수정일 24/08/15"
"백엔드/서버개발, 웹개발, 프론트엔드, AWS, MySQL 외                    등록일 24/07/19"
"백엔드/서버개발, 웹개발, Spring, API, SpringBoot 외                    등록일 24/07/25"
"백엔드/서버개발, Java, 웹개발, 프론트엔드, AWS 외                    등록일 24/08/02"
"백엔드/서버개발, Java, AWS, Spring, 솔루션 외                    등록일 24/08/07"
"백엔드/서버개발, 딥러닝, 클라우드, S/W, AI(인공지능) 외                    수정일 24/08/14"
"백엔드/서버개발, Java, AWS, MySQL, API 외                    등록일 24/08/09"
"백엔드/서버개발, Spring, Javascript, API, 게임개발 외                    등록일 24/08/09"
"백엔드/서버개발, Java, 웹개발, AWS, Spring 외                    등록일 24/08/12"
"백엔드/서버개발, Java, Spring, API, PostgreSQL 외                    등록일 24/08/14"
"백엔드/서버개발, 웹개발, 프론트엔드, Javascript, MySQL 외                    수정일 24/07/04"
"백엔드/서버개발, Java, Spring, 솔루션, API 외                    등록일 24/06/17"
"Java, 프론트엔드, AWS, 유지보수, MySQL 외                    등록일 24/08/06"
"Java, AWS, Spring, Javascript, 유지보수 외                    등록일 24/08/13"
"Java, Spring, 솔루션, API, 데이터분석가 외                    수정일 24/08/14"
"Java, AWS, Spring, Javascript, MySQL 외                    등록일 24/08/13"
"Java, 프론트엔드, AWS, 유지보수, MySQL 외                    수정일 24/08/06"
"Java, 웹개발, 프론트엔드, 유지보수, 스크립트 외                    등록일 24/07/24"
"Java, Spring, Javascript, MySQL, 솔루션 외                    수정일 24/08/02"
"Java, AWS, 솔루션, Git, Jenkins 외                    등록일 24/06/21"
"Java, 웹개발, Spring, Javascript, 유지보수 외                    수정일 24/07/17"
"Java, 웹개발, AWS, Spring, 앱개발 외                    등록일 24/08/06"
"솔루션, 데이터 사이언티스트, 머신러닝, 컨텐츠제공, 인터넷생활정보 등록일 24/08/08"
"연구원, R&D;, 솔루션업체, 소프트웨어개발, SM 수정일 24/08/07"
"반도체, 반도체 수정일 24/07/31"
"파트강사, IT학원 수정일 24/08/10"
"백엔드/서버개발, 웹개발, 프론트엔드, 유지보수, 솔루션 외                    수정일 24/08/13"
"백엔드/서버개발, Java, Javascript, 유지보수, QA/테스터 외                    수정일 24/08/06"
"백엔드/서버개발, 유지보수, 기술지원, 데이터엔지니어, 정보보안 외                    수정일 24/07/08"
"백엔드/서버개발, 유지보수, 솔루션, 데이터분석가, 데이터엔지니어 외                    수정일 24/08/08"
"백엔드/서버개발, 유지보수, 보안컨설팅, 정보보안, SE(시스템엔지니어) 외                    수정일 24/08/12"
"백엔드/서버개발, 웹개발, 유지보수, 게임개발, 데이터분석가 외                    수정일 24/07/31"
"백엔드/서버개발, 유지보수, 네트워크, DevOps, ERP 외                    수정일 24/08/12"
"백엔드/서버개발, Java, 웹개발, AWS, Javascript 외                    수정일 24/07/29"
"백엔드/서버개발, Java, 웹개발, 프론트엔드, Spring 외                    수정일 24/08/02"
"백엔드/서버개발, 유지보수, MySQL, 기술지원, 웹마스터 외                    수정일 24/08/01"
"백엔드/서버개발, 웹개발, Javascript, MySQL, 데이터엔지니어 외                    수정일 24/08/05"
"백엔드/서버개발, Java, 웹개발, 프론트엔드, AWS 외                    수정일 24/08/14"
"Java, 웹개발, 프론트엔드, Spring, Javascript 외                    수정일 24/08/02"
"제관사, 공정설계, 제품설계, 기계설계, 기구설계 외                    수정일 24/07/26"
"백엔드/서버개발, 프론트엔드, Spring, 유지보수, C# 외                    수정일 24/08/01"
"백엔드/서버개발, Java, 웹개발, 프론트엔드, AWS 외                    수정일 24/08/08"
"백엔드/서버개발, Java, 웹개발, 프론트엔드, Javascript 외                    수정일 24/08/06"
"백엔드/서버개발, Java, 웹개발, 프론트엔드, Spring 외                    수정일 24/07/05"
"백엔드/서버개발, Java, 웹개발, 프론트엔드, Javascript 외                    수정일 24/08/14"
"백엔드/서버개발, Java, 프론트엔드, AWS, Spring 외                    수정일 24/07/01"
"백엔드/서버개발, 웹개발, 프론트엔드, AWS, Spring 외                    수정일 24/07/31"
"백엔드/서버개발, Java, 프론트엔드, AWS, Spring 외                    수정일 24/07/30"
"백엔드/서버개발, Java, 프론트엔드, Javascript, CSS 외                    수정일 24/08/08"
"백엔드/서버개발, 유지보수, 솔루션, 보안컨설팅, 정보보안 외                    수정일 24/08/05"
"백엔드/서버개발, 정보보안, SE(시스템엔지니어), 네트워크, 경리사무원 외                    수정일 24/08/01"
"백엔드/서버개발, 유지보수, 데이터분석가, 데이터엔지니어, 빅데이터 외                    수정일 24/08/12"
"백엔드/서버개발, Java, 프론트엔드, AWS, Spring 외                    수정일 24/08/09"
"백엔드/서버개발, Java, 웹개발, 프론트엔드, AWS 외                    수정일 24/08/07"
"백엔드/서버개발, Java, 웹개발, 프론트엔드, AWS 외                    수정일 24/07/31"
"백엔드/서버개발, Java, 웹개발, AWS, Javascript 외                    수정일 24/08/12"
"백엔드/서버개발, Java, 유지보수, MySQL, 기술지원 외                    수정일 24/08/09"
"백엔드/서버개발, Java, 웹개발, 프론트엔드, Javascript 외                    수정일 24/08/05"
"백엔드/서버개발, Javascript, 유지보수, 보안컨설팅, 정보보안 외                    수정일 24/07/02"
"백엔드/서버개발, Java, 웹개발, AWS, Spring 외                    수정일 24/08/01"
"백엔드/서버개발, SI개발, 감사, 전산회계, 더존 외                    수정일 24/08/13"
"백엔드/서버개발, Java, 웹개발, 프론트엔드, Javascript 외                    수정일 24/08/06"
"백엔드/서버개발, MySQL, 네트워크, 인프라, 펌웨어 외                    수정일 24/08/12"
"백엔드/서버개발, 웹개발, 유지보수, API, 정보보안 외                    수정일 24/07/30"
"백엔드/서버개발, 웹개발, AWS, 유지보수, 솔루션 외                    수정일 24/07/25"
"백엔드/서버개발, 웹개발, 유지보수, 게임개발, 기술지원 외                    수정일 24/08/01"
"백엔드/서버개발, 웹개발, 유지보수, MySQL, 데이터엔지니어 외                    수정일 24/08/13"
"백엔드/서버개발, Java, 웹개발, 프론트엔드, Javascript 외                    수정일 24/07/01"
"백엔드/서버개발, Java, 웹개발, 프론트엔드, Javascript 외                    수정일 24/08/02"
"백엔드/서버개발, Java, 웹개발, 프론트엔드, AWS 외                    수정일 24/08/07"
"Java, 웹개발, Spring, 유지보수, MySQL 외                    수정일 24/08/13"
"백엔드/서버개발, 프론트엔드, 유지보수, 게임개발, 웹마스터 외                    수정일 23/12/21"
"백엔드/서버개발, Java, 웹개발, 프론트엔드, AWS 외                    수정일 24/08/05"
"백엔드/서버개발, Java, 웹개발, 프론트엔드, AWS 외                    수정일 24/04/05"
"백엔드/서버개발, Java, Spring, Javascript, 유지보수 외                    수정일 24/04/30"
"백엔드/서버개발, Java, Javascript, 솔루션, API 외                    수정일 24/03/12"
"백엔드/서버개발, Java, 웹개발, 프론트엔드, Spring 외                    수정일 24/07/24"
"백엔드/서버개발, 웹개발, 프론트엔드, Javascript, 앱개발 외                    수정일 24/07/12"
"백엔드/서버개발, Java, AWS, Spring, 유지보수 외                    수정일 24/08/05"
"백엔드/서버개발, Java, 웹개발, 프론트엔드, Spring 외                    수정일 24/08/01"
"백엔드/서버개발, Java, AWS, MySQL, 클라우드 외                    수정일 24/08/14"
"백엔드/서버개발, Java, 웹개발, 프론트엔드, 유지보수 외                    수정일 24/08/09"
"백엔드/서버개발, Java, MySQL, 솔루션, 네트워크 외                    수정일 24/08/12"
"백엔드/서버개발, Java, 웹개발, 프론트엔드, MySQL 외                    등록일 24/08/12"
"백엔드/서버개발, Java, 웹개발, AWS, Spring 외                    수정일 24/08/14"
"백엔드/서버개발, Java, 웹개발, 프론트엔드, Spring 외                    수정일 24/08/02"
"백엔드/서버개발, Java, 솔루션, 데이터엔지니어, SE(시스템엔지니어) 외                    수정일 24/08/14"
"백엔드/서버개발, Java, 프론트엔드, Spring, Javascript 외                    수정일 24/07/24"
"백엔드/서버개발, 프론트엔드, 경영지원, 광고영업, 디지털마케팅 외                    수정일 24/08/01"
"백엔드/서버개발, Java, 웹개발, 프론트엔드, AWS 외                    수정일 24/08/07"
"백엔드/서버개발, Java, 유지보수, MySQL, 데이터엔지니어 외                    수정일 24/07/29"
"백엔드/서버개발, Java, 웹개발, 프론트엔드, AWS 외                    등록일 24/07/01"
"백엔드/서버개발, Java, 웹개발, Spring, Javascript 외                    수정일 24/07/23"
"백엔드/서버개발, Java, 웹개발, 머신러닝, 빅데이터 외                    수정일 24/08/09"
"백엔드/서버개발, 웹개발, 프론트엔드, Javascript, API 외                    등록일 24/08/13"
"백엔드/서버개발, 웹개발, 프론트엔드, MySQL, 솔루션 외                    수정일 24/08/12"
"백엔드/서버개발, 웹개발, Javascript, MySQL, Apache 외                    등록일 24/08/12"
"백엔드/서버개발, 웹개발, 프론트엔드, AWS, Javascript 외                    수정일 24/08/13"
"백엔드/서버개발, 웹개발, 게임개발, 앱개발, 데이터마이닝 외                    수정일 24/08/09"
"백엔드/서버개발, Java, 프론트엔드, 유지보수, 기술지원 외                    등록일 24/08/13"
"백엔드/서버개발, Java, 웹개발, 프론트엔드, AWS 외                    등록일 24/08/01"
"백엔드/서버개발, Java, Spring, MySQL, SI개발 외                    등록일 24/08/06"
"백엔드/서버개발, Java, 웹개발, 프론트엔드, Spring 외                    등록일 24/08/08"
"백엔드/서버개발, Java, 웹개발, 프론트엔드, Javascript 외                    등록일 24/08/12"
"백엔드/서버개발, IT컨설팅, SE(시스템엔지니어), 네트워크, 방화벽 외                    수정일 24/08/15"
"백엔드/서버개발, 유지보수, 데이터엔지니어, 정보보안, C# 외                    등록일 24/08/14"
"백엔드/서버개발, 프론트엔드, 방화벽, FPGA, S/W 외                    수정일 24/01/16"
"백엔드/서버개발, SE(시스템엔지니어), 네트워크, 인/허가, 전산총무 외                    수정일 24/08/13"
"백엔드/서버개발, Java, 프론트엔드, Spring, 유지보수 외                    수정일 24/08/01"
"백엔드/서버개발, Java, 웹개발, 프론트엔드, Spring 외                    수정일 24/08/01"
"백엔드/서버개발, 유지보수, 솔루션, Kotlin, MSSQL 외                    수정일 24/08/14"
"백엔드/서버개발, Java, 프론트엔드, Spring, Javascript 외                    수정일 24/08/07"
"백엔드/서버개발, Java, Javascript, 유지보수, 솔루션 외                    수정일 24/08/08"
"백엔드/서버개발, 유지보수, 솔루션, 앱개발, QA/테스터 외                    수정일 24/08/12"
"백엔드/서버개발, Java, 웹개발, 프론트엔드, Spring 외                    수정일 24/07/30"
"백엔드/서버개발, Java, 웹개발, 프론트엔드, Spring 외                    수정일 24/07/26"
"백엔드/서버개발, Java, 웹개발, 프론트엔드, Spring 외                    수정일 24/08/08"
"백엔드/서버개발, Java, 웹개발, 프론트엔드, 솔루션 외                    수정일 24/07/25"
"백엔드/서버개발, Java, 웹개발, 앱개발, Android 외                    수정일 24/08/08"
"백엔드/서버개발, Java, 웹개발, Spring, Javascript 외                    수정일 24/08/06"
"백엔드/서버개발, Java, 웹개발, 클라우드, jQuery 외                    수정일 24/07/25"
"백엔드/서버개발, 웹개발, 프론트엔드, 유지보수, 솔루션 외                    등록일 24/07/26"
"백엔드/서버개발, 유지보수, MySQL, 솔루션, 보안컨설팅 외                    수정일 24/08/12"
"백엔드/서버개발, Java, 웹개발, Javascript, 유지보수 외                    수정일 24/08/10"
"백엔드/서버개발, Java, 웹개발, Spring, Javascript 외                    수정일 24/08/14"
"백엔드/서버개발, Java, 웹개발, 프론트엔드, MySQL 외                    등록일 24/07/30"
"백엔드/서버개발, Java, 웹개발, 정보보안, 네트워크 외                    수정일 24/08/14"
"백엔드/서버개발, 유지보수, IT컨설팅, SE(시스템엔지니어), 네트워크 외                    수정일 24/08/14"
"백엔드/서버개발, Java, 웹개발, 프론트엔드, Spring 외                    수정일 24/08/02"
"백엔드/서버개발, Java, 프론트엔드, AWS, Spring 외                    수정일 24/08/01"
"백엔드/서버개발, 기술지원, 앱개발, SE(시스템엔지니어), .NET 외                    수정일 24/08/13"
"백엔드/서버개발, 프론트엔드, 유지보수, 솔루션, API 외                    등록일 24/08/14"
"백엔드/서버개발, Java, 웹개발, 프론트엔드, Spring 외                    수정일 24/07/18"
"백엔드/서버개발, Java, 웹개발, 프론트엔드, 유지보수 외                    수정일 24/08/01"
"백엔드/서버개발, 유지보수, 솔루션, 기술지원, 정보보안 외                    등록일 24/08/09"
"백엔드/서버개발, 웹개발, 프론트엔드, 유지보수, 기술지원 외                    수정일 24/08/14"
"백엔드/서버개발, Java, 웹개발, 프론트엔드, 솔루션 외                    등록일 24/07/30"
"백엔드/서버개발, Java, Spring, MySQL, DBA 외                    등록일 24/07/29"
"백엔드/서버개발, AWS, 기술지원, SE(시스템엔지니어), IDC 외                    등록일 24/08/07"
"백엔드/서버개발, Java, 웹개발, MySQL, 앱개발 외                    수정일 24/08/08"
"백엔드/서버개발, Java, 웹개발, Javascript, 솔루션 외                    수정일 24/07/15"
"백엔드/서버개발, Java, 웹개발, 소프트웨어개발 수정일 24/08/05"
"백엔드/서버개발, Java, 웹개발, 프론트엔드, MySQL 외                    등록일 24/08/08"
"백엔드/서버개발, Java, 웹개발, 프론트엔드, AWS 외                    등록일 24/08/12"
"백엔드/서버개발, Java, 웹개발, 프론트엔드, 유지보수 외                    수정일 24/07/30"
"백엔드/서버개발, Java, 웹개발, 프론트엔드, AWS 외                    수정일 24/08/14"
"백엔드/서버개발, Java, 웹개발, 프론트엔드, AWS 외                    수정일 24/08/13"
"백엔드/서버개발, Java, 웹개발, 프론트엔드, Spring 외                    수정일 24/08/12"
"백엔드/서버개발, Java, 웹개발, 프론트엔드, Javascript 외                    수정일 24/08/12"
"백엔드/서버개발, 웹개발, 프론트엔드, 유지보수, 데이터분석가 외                    등록일 24/08/09"
"백엔드/서버개발, Java, 웹개발, Spring, Javascript 외                    등록일 24/06/19"
"백엔드/서버개발, Java, 웹개발, 프론트엔드, Spring 외                    수정일 24/07/31"
"백엔드/서버개발, Java, 웹개발, 프론트엔드, Javascript 외                    등록일 24/07/25"
"백엔드/서버개발, Java, 웹개발, 프론트엔드, Spring 외                    등록일 24/07/23"
"백엔드/서버개발, Java, 웹개발, AWS, Javascript 외                    수정일 24/08/13"
"백엔드/서버개발, Java, 웹개발, 프론트엔드, AWS 외                    등록일 24/08/01"
"백엔드/서버개발, Java, 웹개발, 프론트엔드, Javascript 외                    등록일 24/07/31"
"백엔드/서버개발, Java, 웹개발, 기술지원, 검색엔진 외                    등록일 24/08/14"
"백엔드/서버개발, Java, 웹개발, 프론트엔드, Spring 외                    수정일 24/08/04"
"백엔드/서버개발, 웹개발, 앱개발, 경리, 경리사무원 외                    등록일 24/08/12"
"백엔드/서버개발, 웹개발, AWS, 유지보수, 웹마스터 외                    수정일 24/08/14"
"백엔드/서버개발, Java, 웹개발, Spring, MySQL 외                    수정일 24/08/05"
"백엔드/서버개발, Java, 웹개발, 앱개발, SpringBoot 외                    수정일 24/08/02"
"백엔드/서버개발, 웹개발, MySQL, 솔루션, 데이터엔지니어 외                    수정일 24/08/14"
"Java, 프론트엔드, Spring, Javascript, 솔루션 외                    등록일 24/08/08"
"웹개발, 프론트엔드, 솔루션, 앱개발, IR/공시 외                    수정일 24/08/13"
"웹개발, 프론트엔드, Javascript, 유지보수, API 외                    수정일 24/08/14"
"Java, 웹개발, 프론트엔드, Spring, Javascript 외                    등록일 24/07/24"
"Java, 웹개발, 프론트엔드, Spring, Javascript 외                    등록일 24/08/13"
"Java, 웹개발, AWS, Spring, Javascript 외                    수정일 24/08/08"
"프론트엔드, Javascript, 유지보수, CSS3, HTML5 외                    등록일 24/08/13"
"Java, 웹개발, 프론트엔드, Javascript, API 외                    등록일 24/08/07"
"솔루션, API, 클라우드, 포워더, 배차관리 외                    수정일 24/08/14"
"Java, Spring, Javascript, 유지보수, API 외                    등록일 24/08/07"
"Java, 웹개발, Javascript, 유지보수, 솔루션 외                    등록일 24/07/26"
"AWS, Spring, 모델링, IoT, 감사 외                    수정일 24/07/26"
"Java, 웹개발, Spring, Javascript, MySQL 외                    수정일 24/08/08"
"Java, 웹개발, Javascript, 유지보수, 기술지원 외                    수정일 24/08/12"
"골프, 마케팅기획, 마케팅전략, 광고마케팅, 글로벌마케팅 외                    수정일 24/08/06"
"로봇엔지니어, 연구원, R&D;, 기술연구, 공정엔지니어 외                    등록일 24/08/13"
"기술영업, 영업관리, 영업지원, 영업전략, 해외영업 외                    수정일 24/08/07"
"백엔드/서버개발, 생산관리, 설비OP, 생산설계, 반도체설계 외                    수정일 24/08/13"
"백엔드/서버개발, SE(시스템엔지니어), 생산설계, 시스템설계, 반도체설계 외                    수정일 24/08/13"
"백엔드/서버개발, 웹개발, 프론트엔드, AWS, Javascript 외                    수정일 24/08/07"
"백엔드/서버개발, Java, 프론트엔드, Spring, Javascript 외                    수정일 24/07/23"
"백엔드/서버개발, Java, AWS, Spring, Javascript 외                    수정일 24/08/14"
"백엔드/서버개발, Java, 유지보수, MySQL, 솔루션 외                    등록일 24/08/06"
"백엔드/서버개발, Java, 웹개발, 프론트엔드, Spring 외                    수정일 24/08/14"
"백엔드/서버개발, Java, 웹개발, 프론트엔드, AWS 외                    수정일 24/08/14"
"백엔드/서버개발, 프론트엔드, 솔루션, 앱개발, 딥러닝 외                    수정일 24/08/09"
"백엔드/서버개발, 프론트엔드, Spring, Javascript, MySQL 외                    수정일 24/06/19"
"백엔드/서버개발, Java, 웹개발, 프론트엔드, AWS 외                    수정일 24/08/14"
"백엔드/서버개발, Java, 웹개발, 프론트엔드, AWS 외                    수정일 24/08/14"
"백엔드/서버개발, Java, 웹개발, 프론트엔드, MySQL 외                    등록일 24/07/24"
"백엔드/서버개발, Java, 웹개발, Javascript, 유지보수 외                    수정일 24/07/31"
"백엔드/서버개발, Java, 프론트엔드, Spring, 알고리즘 외                    수정일 24/08/07"
"백엔드/서버개발, Java, 웹개발, 프론트엔드, AWS 외                    수정일 24/08/13"
"백엔드/서버개발, Java, 웹개발, AWS, Spring 외                    수정일 24/08/13"
"백엔드/서버개발, MySQL, 게임개발, 네트워크, 알고리즘 외                    수정일 24/08/06"
"백엔드/서버개발, Java, 웹개발, 프론트엔드, Spring 외                    등록일 24/08/01"
"백엔드/서버개발, Java, 프론트엔드, Spring, 알고리즘 외                    수정일 24/08/02"
"백엔드/서버개발, 웹개발, 프론트엔드, MySQL, 데이터엔지니어 외                    등록일 24/08/05"
"백엔드/서버개발, 웹개발, 프론트엔드, 유지보수, 기술지원 외                    등록일 24/08/13"
"백엔드/서버개발, Java, Spring, MySQL, 솔루션 외                    등록일 24/07/10"
"백엔드/서버개발, Java, 웹개발, Spring, Javascript 외                    등록일 24/07/23"
"백엔드/서버개발, Java, 웹개발, Spring, 유지보수 외                    수정일 24/07/25"
"백엔드/서버개발, Java, 웹개발, Spring, 유지보수 외                    등록일 24/07/26"
"백엔드/서버개발, 웹개발, 프론트엔드, AWS, 솔루션 외                    수정일 24/07/31"
"백엔드/서버개발, Java, 웹개발, 게임개발, 앱개발 외                    수정일 24/08/05"
"백엔드/서버개발, Java, 웹개발, 프론트엔드, AWS 외                    수정일 24/08/09"
"백엔드/서버개발, Java, 프론트엔드, Javascript, API 외                    수정일 24/08/11"
"백엔드/서버개발, 웹개발, AWS, 유지보수, MySQL 외                    등록일 24/08/12"
"백엔드/서버개발, 웹개발, 프론트엔드, 유지보수, 솔루션 외                    수정일 24/08/02"
"백엔드/서버개발, Java, 웹개발, Spring, Javascript 외                    수정일 24/08/13"
"백엔드/서버개발, 웹개발, 프론트엔드, API, 앱개발 외                    수정일 24/08/06"
"백엔드/서버개발, Java, 웹개발, 프론트엔드, AWS 외                    등록일 24/07/11"
"백엔드/서버개발, 웹개발, 프론트엔드, Javascript, 유지보수 외                    수정일 24/08/14"
"백엔드/서버개발, Java, 웹개발, AWS, Spring 외                    수정일 24/07/01"
"백엔드/서버개발, Java, 웹개발, 프론트엔드, Javascript 외                    수정일 24/07/18"
"백엔드/서버개발, Java, 프론트엔드, AWS, Javascript 외                    수정일 24/08/09"
"백엔드/서버개발, Java, 웹개발, 프론트엔드, AWS 외                    등록일 24/08/13"
"백엔드/서버개발, Java, 웹개발, 프론트엔드, AWS 외                    수정일 24/07/31"
"백엔드/서버개발, Java, 웹개발, 프론트엔드, AWS 외                    수정일 24/08/12"
"백엔드/서버개발, 웹개발, 프론트엔드, Javascript, 유지보수 외                    등록일 24/07/19"
"백엔드/서버개발, Java, 웹개발, 프론트엔드, Spring 외                    등록일 24/07/24"
